{ "_id" : "Female", "value" : { "count" : 4925, "height" : 166.81260913705597, "weight" : 70.1133157360407 } }
{ "_id" : "Male", "value" : { "count" : 4953, "height" : 166.73838279830426, "weight" : 70.01380173632147 } }
