{ "_id" : "Female", "avgHeight" : 166.3082233502538, "avgWeight" : 69.62395939086295, "count" : 4925 }
{ "_id" : "Male", "avgHeight" : 166.24974762770037, "avgWeight" : 69.51948314153039, "count" : 4953 }
